{"cameraMode":{"drawMode":0,"name":"Shaded","section":"Shading Mode"},"sceneLighting":true,"audioPlay":false,"sceneViewState":{"showFog":true,"showMaterialUpdate":false,"showSkybox":true,"showFlares":true,"showImageEffects":true,"showParticleSystems":true},"in2DMode":false,"pivot":{"x":3.216747283935547,"y":0.32204723358154299,"z":3.7989182472229006},"rotation":{"x":0.02817494049668312,"y":0.9672252535820007,"z":-0.1239955797791481,"w":0.21984797716140748},"size":15.727770805358887,"orthographic":false}