{"cameraMode":{"drawMode":0,"name":"Shaded","section":"Shading Mode"},"sceneLighting":true,"audioPlay":false,"sceneViewState":{"showFog":true,"showMaterialUpdate":false,"showSkybox":true,"showFlares":true,"showImageEffects":true,"showParticleSystems":true},"in2DMode":false,"pivot":{"x":0.07046246528625488,"y":1.4970654249191285,"z":0.006270885467529297},"rotation":{"x":-0.017704948782920839,"y":0.9822849631309509,"z":-0.12923073768615724,"w":-0.13462118804454804},"size":4.1048994064331059,"orthographic":false}