{"cameraMode":{"drawMode":0,"name":"Shaded","section":"Shading Mode"},"sceneLighting":true,"audioPlay":false,"sceneViewState":{"showFog":true,"showMaterialUpdate":false,"showSkybox":true,"showFlares":true,"showImageEffects":true,"showParticleSystems":true},"in2DMode":false,"pivot":{"x":4.065561294555664,"y":1.95792818069458,"z":12.651206016540528},"rotation":{"x":-0.021740278229117395,"y":-0.9501509666442871,"z":0.30363383889198305,"w":-0.06793927401304245},"size":4.102415561676025,"orthographic":false}