{"cameraMode":{"drawMode":0,"name":"Shaded","section":"Shading Mode"},"sceneLighting":true,"audioPlay":false,"sceneViewState":{"showFog":true,"showMaterialUpdate":false,"showSkybox":true,"showFlares":true,"showImageEffects":true,"showParticleSystems":true},"in2DMode":false,"pivot":{"x":3.216747283935547,"y":0.32204723358154299,"z":3.7989182472229006},"rotation":{"x":0.10043368488550186,"y":0.8726582527160645,"z":-0.20249442756175996,"w":0.43290430307388308},"size":15.727770805358887,"orthographic":false}